datum,category,model,forecast,forecast_day
2019-10-09,M01AB,LightGBM,4.97224052301036,1
2019-10-10,M01AB,LightGBM,5.837525326362311,2
2019-10-11,M01AB,LightGBM,6.223235828561311,3
2019-10-12,M01AB,LightGBM,7.032792319022129,4
2019-10-13,M01AB,LightGBM,7.035093526557247,5
2019-10-14,M01AB,LightGBM,6.913400793348012,6
2019-10-15,M01AB,LightGBM,4.415609321218535,7
2019-10-16,M01AB,LightGBM,5.507842164605754,8
2019-10-17,M01AB,LightGBM,6.22322815557519,9
2019-10-18,M01AB,LightGBM,6.276361860953887,10
2019-10-19,M01AB,LightGBM,6.697626069458736,11
2019-10-20,M01AB,LightGBM,7.128588982941757,12
2019-10-21,M01AB,LightGBM,6.8954199777144005,13
2019-10-22,M01AB,LightGBM,6.386403198784193,14
2019-10-23,M01AB,LightGBM,5.162087267024887,15
2019-10-24,M01AB,LightGBM,6.109225859902779,16
2019-10-25,M01AB,LightGBM,5.2653399317117815,17
2019-10-26,M01AB,LightGBM,6.294880430145611,18
2019-10-27,M01AB,LightGBM,6.300287100343514,19
2019-10-28,M01AB,LightGBM,5.707393554267447,20
2019-10-29,M01AB,LightGBM,5.34077890378446,21
2019-10-30,M01AB,LightGBM,7.03949040410247,22
2019-10-31,M01AB,LightGBM,5.436747717500376,23
2019-11-01,M01AB,LightGBM,4.698386086985813,24
2019-11-02,M01AB,LightGBM,6.5785675248230655,25
2019-11-03,M01AB,LightGBM,7.425209154879383,26
2019-11-04,M01AB,LightGBM,5.691025867868664,27
2019-11-05,M01AB,LightGBM,7.333954553280989,28
2019-11-06,M01AB,LightGBM,5.360864495091734,29
2019-11-07,M01AB,LightGBM,6.157977298521069,30
2019-10-09,M01AE,SARIMA,3.5506733739252168,1
2019-10-10,M01AE,SARIMA,3.780796077634952,2
2019-10-11,M01AE,SARIMA,3.7747402647283073,3
2019-10-12,M01AE,SARIMA,4.161425819519167,4
2019-10-13,M01AE,SARIMA,4.688706064851592,5
2019-10-14,M01AE,SARIMA,3.656495217725324,6
2019-10-15,M01AE,SARIMA,3.6027276347346238,7
2019-10-16,M01AE,SARIMA,3.614088407087837,8
2019-10-17,M01AE,SARIMA,3.790305459106577,9
2019-10-18,M01AE,SARIMA,3.78288276358527,10
2019-10-19,M01AE,SARIMA,4.164366766327418,11
2019-10-20,M01AE,SARIMA,4.684609275856028,12
2019-10-21,M01AE,SARIMA,3.6661732623723946,13
2019-10-22,M01AE,SARIMA,3.613123207518557,14
2019-10-23,M01AE,SARIMA,3.62433237019094,15
2019-10-24,M01AE,SARIMA,3.798197803374888,16
2019-10-25,M01AE,SARIMA,3.790874163821113,17
2019-10-26,M01AE,SARIMA,4.1672672576219965,18
2019-10-27,M01AE,SARIMA,4.680567124145011,19
2019-10-28,M01AE,SARIMA,3.6757221524085537,20
2019-10-29,M01AE,SARIMA,3.623380051221576,21
2019-10-30,M01AE,SARIMA,3.6344396274733946,22
2019-10-31,M01AE,SARIMA,3.805984824207032,23
2019-11-01,M01AE,SARIMA,3.798758918717645,24
2019-11-02,M01AE,SARIMA,4.170129041822806,25
2019-11-03,M01AE,SARIMA,4.676578915000758,26
2019-11-04,M01AE,SARIMA,3.685143612383911,27
2019-11-05,M01AE,SARIMA,3.6335000172129694,28
2019-11-06,M01AE,SARIMA,3.644412003276938,29
2019-11-07,M01AE,SARIMA,3.813667927145646,30
2019-10-09,N02BA,SARIMA,2.889239262328568,1
2019-10-10,N02BA,SARIMA,3.0066374616635008,2
2019-10-11,N02BA,SARIMA,2.9175986140322907,3
2019-10-12,N02BA,SARIMA,3.0280637012536142,4
2019-10-13,N02BA,SARIMA,2.924029257701468,5
2019-10-14,N02BA,SARIMA,2.9766755189341545,6
2019-10-15,N02BA,SARIMA,2.9336457182035534,7
2019-10-16,N02BA,SARIMA,2.9585962045755583,8
2019-10-17,N02BA,SARIMA,2.94087341072206,9
2019-10-18,N02BA,SARIMA,2.9787258543638413,10
2019-10-19,N02BA,SARIMA,2.932963226416257,11
2019-10-20,N02BA,SARIMA,2.976089755307118,12
2019-10-21,N02BA,SARIMA,2.954266198128494,13
2019-10-22,N02BA,SARIMA,2.9721034478355435,14
2019-10-23,N02BA,SARIMA,2.961760661514992,15
2019-10-24,N02BA,SARIMA,2.969107334744322,16
2019-10-25,N02BA,SARIMA,2.9534162683900225,17
2019-10-26,N02BA,SARIMA,2.972386362856557,18
2019-10-27,N02BA,SARIMA,2.954509017001105,19
2019-10-28,N02BA,SARIMA,2.9635555897142907,20
2019-10-29,N02BA,SARIMA,2.956161470819864,21
2019-10-30,N02BA,SARIMA,2.960448891414956,22
2019-10-31,N02BA,SARIMA,2.957403456932155,23
2019-11-01,N02BA,SARIMA,2.963907913174542,24
2019-11-02,N02BA,SARIMA,2.9560441933619166,25
2019-11-03,N02BA,SARIMA,2.963454933411138,26
2019-11-04,N02BA,SARIMA,2.95970483542367,27
2019-11-05,N02BA,SARIMA,2.962769937674457,28
2019-11-06,N02BA,SARIMA,2.9609926626936622,29
2019-11-07,N02BA,SARIMA,2.9622550941234422,30
2019-10-09,N02BE,LightGBM,39.9490942525423,1
2019-10-10,N02BE,LightGBM,29.001567939032142,2
2019-10-11,N02BE,LightGBM,29.13217171892594,3
2019-10-12,N02BE,LightGBM,40.836141065121154,4
2019-10-13,N02BE,LightGBM,43.95018165424369,5
2019-10-14,N02BE,LightGBM,40.559429639469656,6
2019-10-15,N02BE,LightGBM,29.14825669566169,7
2019-10-16,N02BE,LightGBM,31.505963854348536,8
2019-10-17,N02BE,LightGBM,27.510073768009896,9
2019-10-18,N02BE,LightGBM,30.771498571981624,10
2019-10-19,N02BE,LightGBM,38.372880051589526,11
2019-10-20,N02BE,LightGBM,41.29331276724748,12
2019-10-21,N02BE,LightGBM,38.26552827984298,13
2019-10-22,N02BE,LightGBM,30.058107419512385,14
2019-10-23,N02BE,LightGBM,29.40833703253627,15
2019-10-24,N02BE,LightGBM,27.968474120370804,16
2019-10-25,N02BE,LightGBM,32.00539795058279,17
2019-10-26,N02BE,LightGBM,36.89411311652378,18
2019-10-27,N02BE,LightGBM,39.87675546519621,19
2019-10-28,N02BE,LightGBM,34.78648198004,20
2019-10-29,N02BE,LightGBM,28.246897293867583,21
2019-10-30,N02BE,LightGBM,25.88492015803562,22
2019-10-31,N02BE,LightGBM,28.95492153922721,23
2019-11-01,N02BE,LightGBM,29.546897120660304,24
2019-11-02,N02BE,LightGBM,33.206965674084664,25
2019-11-03,N02BE,LightGBM,36.80750867175519,26
2019-11-04,N02BE,LightGBM,29.28777861901048,27
2019-11-05,N02BE,LightGBM,31.48247147100451,28
2019-11-06,N02BE,LightGBM,30.14909830158481,29
2019-11-07,N02BE,LightGBM,31.987202867474277,30
2019-10-09,N05B,SARIMA,10.805059564677196,1
2019-10-10,N05B,SARIMA,9.167800477113056,2
2019-10-11,N05B,SARIMA,9.407535795466073,3
2019-10-12,N05B,SARIMA,8.3707556032586,4
2019-10-13,N05B,SARIMA,6.767875290421922,5
2019-10-14,N05B,SARIMA,9.075916508879084,6
2019-10-15,N05B,SARIMA,9.785995079819562,7
2019-10-16,N05B,SARIMA,9.442154799291265,8
2019-10-17,N05B,SARIMA,8.995832713921466,9
2019-10-18,N05B,SARIMA,9.390318242620149,10
2019-10-19,N05B,SARIMA,8.385715689720067,11
2019-10-20,N05B,SARIMA,6.802804342924924,12
2019-10-21,N05B,SARIMA,9.086541917129104,13
2019-10-22,N05B,SARIMA,9.7890775697995,14
2019-10-23,N05B,SARIMA,9.448921205177038,15
2019-10-24,N05B,SARIMA,9.007373099141764,16
2019-10-25,N05B,SARIMA,9.39764003576727,17
2019-10-26,N05B,SARIMA,8.403780938693032,18
2019-10-27,N05B,SARIMA,6.837797594228698,19
2019-10-28,N05B,SARIMA,9.097112379649126,20
2019-10-29,N05B,SARIMA,9.792134962442764,21
2019-10-30,N05B,SARIMA,9.455616304382096,22
2019-10-31,N05B,SARIMA,9.018790210361368,23
2019-11-01,N05B,SARIMA,9.404883547014146,24
2019-11-02,N05B,SARIMA,8.421652996483996,25
2019-11-03,N05B,SARIMA,6.8724166203906165,26
2019-11-04,N05B,SARIMA,9.107569799376844,27
2019-11-05,N05B,SARIMA,9.795159658666568,28
2019-11-06,N05B,SARIMA,9.462239804732835,29
2019-11-07,N05B,SARIMA,9.030085224496744,30
2019-10-09,N05C,LightGBM,0.5383320909809546,1
2019-10-10,N05C,LightGBM,0.6899470044984687,2
2019-10-11,N05C,LightGBM,0.692201463218928,3
2019-10-12,N05C,LightGBM,0.6554014367227353,4
2019-10-13,N05C,LightGBM,0.3572347362035449,5
2019-10-14,N05C,LightGBM,0.9256155524192938,6
2019-10-15,N05C,LightGBM,1.077551544684488,7
2019-10-16,N05C,LightGBM,0.8419041370820092,8
2019-10-17,N05C,LightGBM,1.4091905929949236,9
2019-10-18,N05C,LightGBM,1.0007138925248562,10
2019-10-19,N05C,LightGBM,0.9212799991711572,11
2019-10-20,N05C,LightGBM,0.6764151142782469,12
2019-10-21,N05C,LightGBM,1.041721246650415,13
2019-10-22,N05C,LightGBM,1.2412874165700605,14
2019-10-23,N05C,LightGBM,0.563378356735514,15
2019-10-24,N05C,LightGBM,1.1017176768772232,16
2019-10-25,N05C,LightGBM,0.9847697207812348,17
2019-10-26,N05C,LightGBM,1.0393661530631344,18
2019-10-27,N05C,LightGBM,1.2087888556645547,19
2019-10-28,N05C,LightGBM,1.1985597718571668,20
2019-10-29,N05C,LightGBM,1.8400179313648737,21
2019-10-30,N05C,LightGBM,1.6095216409564674,22
2019-10-31,N05C,LightGBM,1.1480665588800312,23
2019-11-01,N05C,LightGBM,1.2734660553791952,24
2019-11-02,N05C,LightGBM,1.2839939925424118,25
2019-11-03,N05C,LightGBM,1.431405422138735,26
2019-11-04,N05C,LightGBM,1.5652885745547516,27
2019-11-05,N05C,LightGBM,1.2642877171619062,28
2019-11-06,N05C,LightGBM,1.2770205272544706,29
2019-11-07,N05C,LightGBM,1.028925050126238,30
2019-10-09,R03,SARIMA,4.207323655147758,1
2019-10-10,R03,SARIMA,3.792995763302416,2
2019-10-11,R03,SARIMA,4.27771886155161,3
2019-10-12,R03,SARIMA,4.322596400702389,4
2019-10-13,R03,SARIMA,4.489057068674635,5
2019-10-14,R03,SARIMA,4.601980796919185,6
2019-10-15,R03,SARIMA,4.0428202688929735,7
2019-10-16,R03,SARIMA,4.46031431192126,8
2019-10-17,R03,SARIMA,4.669439978376548,9
2019-10-18,R03,SARIMA,4.459560921130462,10
2019-10-19,R03,SARIMA,4.440085294405045,11
2019-10-20,R03,SARIMA,4.367797431148839,12
2019-10-21,R03,SARIMA,4.318758546255615,13
2019-10-22,R03,SARIMA,4.561582729624384,14
2019-10-23,R03,SARIMA,4.380279427755758,15
2019-10-24,R03,SARIMA,4.289463344346909,16
2019-10-25,R03,SARIMA,4.3806065994610215,17
2019-10-26,R03,SARIMA,4.389064194222659,18
2019-10-27,R03,SARIMA,4.420456326667247,19
2019-10-28,R03,SARIMA,4.441752227530257,20
2019-10-29,R03,SARIMA,4.336302037391916,21
2019-10-30,R03,SARIMA,4.41503582489825,22
2019-10-31,R03,SARIMA,4.454474126018937,23
2019-11-01,R03,SARIMA,4.414893745480749,24
2019-11-02,R03,SARIMA,4.4112209030012455,25
2019-11-03,R03,SARIMA,4.397588379711329,26
2019-11-04,R03,SARIMA,4.388340302505768,27
2019-11-05,R03,SARIMA,4.4341336927931145,28
2019-11-06,R03,SARIMA,4.39994231717446,29
2019-11-07,R03,SARIMA,4.382815619601699,30
2019-10-09,R06,SARIMA,2.1469125586196136,1
2019-10-10,R06,SARIMA,2.083329380978153,2
2019-10-11,R06,SARIMA,2.1106898193691426,3
2019-10-12,R06,SARIMA,2.115703949956478,4
2019-10-13,R06,SARIMA,2.0654539276186585,5
2019-10-14,R06,SARIMA,2.102528778903908,6
2019-10-15,R06,SARIMA,2.110978003762764,7
2019-10-16,R06,SARIMA,2.085737281521141,8
2019-10-17,R06,SARIMA,2.093511047619853,9
2019-10-18,R06,SARIMA,2.085874346324888,10
2019-10-19,R06,SARIMA,2.084437890297812,11
2019-10-20,R06,SARIMA,2.0988010904100465,12
2019-10-21,R06,SARIMA,2.088203852734763,13
2019-10-22,R06,SARIMA,2.0857887807478184,14
2019-10-23,R06,SARIMA,2.093003426195713,15
2019-10-24,R06,SARIMA,2.090781422971617,16
2019-10-25,R06,SARIMA,2.0929642484751683,17
2019-10-26,R06,SARIMA,2.0933748358124915,18
2019-10-27,R06,SARIMA,2.0892693512182112,19
2019-10-28,R06,SARIMA,2.092298397369336,20
2019-10-29,R06,SARIMA,2.092988705988516,21
2019-10-30,R06,SARIMA,2.090926518209464,22
2019-10-31,R06,SARIMA,2.091561641297194,23
2019-11-01,R06,SARIMA,2.0909377165167267,24
2019-11-02,R06,SARIMA,2.0908203568771744,25
2019-11-03,R06,SARIMA,2.0919938421466244,26
2019-11-04,R06,SARIMA,2.0911280391074945,27
2019-11-05,R06,SARIMA,2.090930725738663,28
2019-11-06,R06,SARIMA,2.091520168209091,29
2019-11-07,R06,SARIMA,2.091338628717072,30
